{"_step":206,"Loss":0.004063578582186576,"epoch":205,"_timestamp":1.7474831479802444e+09,"Action_MSE":0.014270061630609726,"_wandb":{"runtime":87783},"Normalized_MSE":0.03284775468768438,"_runtime":87783.082683587}